-- --------------------------------------------------------
-- Host:                         127.0.0.1
-- Server version:               8.0.30 - MySQL Community Server - GPL
-- Server OS:                    Win64
-- HeidiSQL Version:             12.1.0.6537
-- --------------------------------------------------------

/*!40101 SET @OLD_CHARACTER_SET_CLIENT=@@CHARACTER_SET_CLIENT */;
/*!40101 SET NAMES utf8 */;
/*!50503 SET NAMES utf8mb4 */;
/*!40103 SET @OLD_TIME_ZONE=@@TIME_ZONE */;
/*!40103 SET TIME_ZONE='+00:00' */;
/*!40014 SET @OLD_FOREIGN_KEY_CHECKS=@@FOREIGN_KEY_CHECKS, FOREIGN_KEY_CHECKS=0 */;
/*!40101 SET @OLD_SQL_MODE=@@SQL_MODE, SQL_MODE='NO_AUTO_VALUE_ON_ZERO' */;
/*!40111 SET @OLD_SQL_NOTES=@@SQL_NOTES, SQL_NOTES=0 */;


-- Dumping database structure for db_lifting
CREATE DATABASE IF NOT EXISTS `db_lifting` /*!40100 DEFAULT CHARACTER SET utf8mb4 COLLATE utf8mb4_0900_ai_ci */ /*!80016 DEFAULT ENCRYPTION='N' */;
USE `db_lifting`;

-- Dumping structure for table db_lifting.barang
CREATE TABLE IF NOT EXISTS `barang` (
  `id` int NOT NULL AUTO_INCREMENT,
  `nama_barang` varchar(100) NOT NULL,
  `satuan` varchar(20) DEFAULT NULL,
  `harga` decimal(15,2) NOT NULL,
  PRIMARY KEY (`id`)
) ENGINE=InnoDB AUTO_INCREMENT=1058 DEFAULT CHARSET=utf8mb4 COLLATE=utf8mb4_0900_ai_ci;

-- Dumping data for table db_lifting.barang: ~109 rows (approximately)
INSERT INTO `barang` (`id`, `nama_barang`, `satuan`, `harga`) VALUES
	(1, 'Bor Krisbow', 'Pcs', 300000.00),
	(2, 'Gerinda Makita', 'Pcs', 250000.00),
	(3, 'Track Bell', 'Pcs', 150000.00),
	(4, 'Clam Crosby 14 MM', 'Pcs', 60000.00),
	(5, 'Slang Mata 8 M', 'Pcs', 500000.00),
	(6, 'Sling Baja 14 MM', 'Mtr', 25000.00),
	(7, 'Sling Baja 12 MM', 'Mtr', 25000.00),
	(8, 'Chain Blok 10 Ton', 'Pcs', 5000000.00),
	(9, 'Chain Blok', 'Pcs', 2000000.00),
	(10, 'Ongkos Bus', '', 300000.00),
	(11, 'Kekurangan Pengiriman I', '', 250000.00),
	(12, 'Rantai', 'Mtr', 100000.00),
	(13, 'Pancing Hook', 'Pcs', 50000.00),
	(14, '1 Set Rantai 4 Leg 3 Mtr', 'Pcs', 2200000.00),
	(15, 'Rantai 10 MM', 'Mtr', 100000.00),
	(16, 'Jarum Keras', 'Pcs', 25000.00),
	(17, 'Segel', 'Ton', 100000.00),
	(18, 'Webbing 5 Ton 6 Mtr', 'Pcs', 550000.00),
	(19, 'Webbing 3 Ton 6 Mtr', 'Pcs', 370000.00),
	(20, 'Servis 4 Lever Block', 'Pcs', 150000.00),
	(21, 'Clamp Block', 'Pcs', 150000.00),
	(22, 'Track Bell 5 Ton 10 Mtr', 'Pcs', 250000.00),
	(23, 'Track Bell 3 Ton 10 Mtr', 'Pcs', 225000.00),
	(24, 'Rachit 3/8', 'Pcs', 375000.00),
	(25, 'Hook 3/8', 'Pcs', 50000.00),
	(26, 'Webbing 2 Ton 4 Mtr', 'Pcs', 200000.00),
	(27, 'Webbing 10 Ton 6 Mtr', 'Pcs', 1500000.00),
	(28, 'Chain Sling 4 Leg 8 MM 3 Mtr', 'Pcs', 2120000.00),
	(29, 'Shackle 6.5 Ton', 'Pcs', 130000.00),
	(30, 'Shackle 8.5 Ton', 'Pcs', 170000.00),
	(31, 'Ratchet Binder 1/2', 'Pcs', 400000.00),
	(32, 'Track Bell 3 Ton 12 Mtr', 'Pcs', 250000.00),
	(33, 'Rantai 3/8', 'Mtr', 100000.00),
	(34, 'Gerinda 7 Inch', 'Pcs', 600000.00),
	(35, 'Gerinda 5 Inch', 'Pcs', 500000.00),
	(36, 'Selang Pemadam dan Nozzle', 'Roll', 1100000.00),
	(37, 'Regulator Argon', 'Pcs', 100000.00),
	(38, 'Sling 6 MM', 'Mtr', 12500.00),
	(39, 'Sling 14 MM', 'Mtr', 25000.00),
	(40, 'Webbing Sling 2 Ton 4 Mtr', 'Pcs', 180000.00),
	(41, 'Webbing Sling 3 Ton 4 Mtr', 'Pcs', 280000.00),
	(42, 'Sling 1 Inch 10 Mtr', 'Pcs', 1400000.00),
	(43, 'Shackle 25 Ton SWL', 'Pcs', 500000.00),
	(44, 'Webbing 8 Ton 6 Mtr', 'Pcs', 950000.00),
	(45, 'Webbing Sling 3 Ton 8 Mtr', 'Pcs', 500000.00),
	(46, 'Cubing 6 MM', 'Kilo', 100000.00),
	(47, 'Cubing 10 MM', 'Kilo', 90000.00),
	(48, 'Rantai Baja 5/8', 'Mtr', 310000.00),
	(49, 'Ongkos Sambung', '', 150000.00),
	(50, 'Pancing', 'Pcs', 50000.00),
	(51, 'Ratchet', 'Pcs', 370000.00),
	(1000, 'Rantai 13 mm', 'pcs', 120000.00),
	(1001, 'Selling 12 mm', 'pcs', 19000.00),
	(1002, 'Selling 10 mm', 'pcs', 14500.00),
	(1003, 'Webbing 6t*6m', 'pcs', 800000.00),
	(1004, 'Hook 1/2', 'pcs', 70000.00),
	(1005, 'Kuku macan 1/2', 'pcs', 2500.00),
	(1006, 'Kuku macan 10 mm', 'pcs', 2000.00),
	(1007, 'Hook 3 Ton', 'pcs', 90000.00),
	(1008, 'Seling 10 mm', 'pcs', 13500.00),
	(1009, 'Rantai 10 mm', 'pcs', 61000.00),
	(1010, 'Sabuk 7m', 'pcs', 70000.00),
	(1011, 'kancip', 'pcs', 250000.00),
	(1012, 'Hook 3/8', 'pcs', 30000.00),
	(1013, 'Cangkolan  2 ton', 'pcs', 60000.00),
	(1014, 'Seling 8 mm', 'pcs', 7500.00),
	(1015, 'Seling 12 mm', 'pcs', 15000.00),
	(1016, 'Sabuk 8 m', 'mtr', 135000.00),
	(1017, 'Roundsling 40t*8m', 'mtr', 7700000.00),
	(1018, 'Sabuk 7 m', 'mtr', 80000.00),
	(1019, 'Webbing 1t*1.5m', 'pcs', 35000.00),
	(1020, 'Rantai 16 mm', 'pcs', 170000.00),
	(1021, 'Webbing 5t*6m', 'pcs', 300000.00),
	(1022, 'Webbing 5t*8m', 'pcs', 400000.00),
	(1023, 'Rantai 3/8', 'pcs', 68000.00),
	(1024, 'Grab Hook 3/8', 'pcs', 30000.00),
	(1025, 'Webbing 2t*3m', 'pcs', 95000.00),
	(1026, 'Webbing 2t*6m', 'pcs', 160000.00),
	(1027, 'Webbing 3t*3m', 'pcs', 135000.00),
	(1028, 'kancip 3/8', 'pcs', 250000.00),
	(1029, 'kancip 1/2', 'pcs', 270000.00),
	(1030, 'Hook 5 ton', 'pcs', 150000.00),
	(1031, 'Hammer Lock 3/8', 'pcs', 55000.00),
	(1032, 'Hammer Lock 1/2', 'pcs', 90000.00),
	(1033, 'Rachet 1/2', 'pcs', 270000.00),
	(1034, 'Rantai 20 mm', 'mtr', 320000.00),
	(1035, 'Webbing 3t*6m', 'pcs', 225000.00),
	(1036, 'Konecting 20mm', 'pcs', 250000.00),
	(1037, 'Clevis Hook 3T', 'pcs', 125000.00),
	(1038, 'Hook Rantai 3/8', 'pcs', 27000.00),
	(1039, 'Hook Rantai 1/2', 'pcs', 75000.00),
	(1040, 'Kuku macan 15 mm', 'pcs', 2500.00),
	(1041, 'Selling 8 mm', 'pcs', 10000.00),
	(1042, 'Hammer Lock 8mm', 'pcs', 45000.00),
	(1043, 'Seling 6 mm', 'pcs', 7500.00),
	(1044, 'Grab Hook 1/2', 'pcs', 75000.00),
	(1045, 'Webbing 20t*8m', 'pcs', 2000000.00),
	(1046, 'Webbing 3t*4m', 'pcs', 170000.00),
	(1047, 'Hook 5/16', 'pcs', 18000.00),
	(1048, 'Selling 6 mm', 'pcs', 7500.00),
	(1049, 'Webbing 2t*4m', 'pcs', 110000.00),
	(1050, 'Trekbelt 12m', 'pcs', 130000.00),
	(1051, 'Trekbelt 15m', 'pcs', 150000.00),
	(1052, 'Trekbelt 8m', 'pcs', 135000.00),
	(1053, 'Sharlock 3/8', 'pcs', 150000.00),
	(1054, 'Sabuk 8m', 'pcs', 135000.00),
	(1055, 'Rantai 1/2', 'pcs', 110000.00),
	(1056, 'Sabuk 10 m', 'mtr', 120000.00),
	(1057, 'Rantai', 'pcs', 66000.00);

-- Dumping structure for table db_lifting.detail_transaksi
CREATE TABLE IF NOT EXISTS `detail_transaksi` (
  `id` int NOT NULL AUTO_INCREMENT,
  `transaksi_id` int DEFAULT NULL,
  `barang_id` int DEFAULT NULL,
  `jumlah` int NOT NULL,
  `harga_satuan` decimal(15,2) NOT NULL,
  `subtotal` decimal(15,2) NOT NULL,
  PRIMARY KEY (`id`),
  KEY `transaksi_id` (`transaksi_id`),
  KEY `barang_id` (`barang_id`),
  CONSTRAINT `detail_transaksi_ibfk_1` FOREIGN KEY (`transaksi_id`) REFERENCES `transaksi` (`id`),
  CONSTRAINT `detail_transaksi_ibfk_2` FOREIGN KEY (`barang_id`) REFERENCES `barang` (`id`)
) ENGINE=InnoDB AUTO_INCREMENT=1110 DEFAULT CHARSET=utf8mb4 COLLATE=utf8mb4_0900_ai_ci;

-- Dumping data for table db_lifting.detail_transaksi: ~172 rows (approximately)
INSERT INTO `detail_transaksi` (`id`, `transaksi_id`, `barang_id`, `jumlah`, `harga_satuan`, `subtotal`) VALUES
	(1, 1, 1, 1, 300000.00, 300000.00),
	(2, 1, 2, 1, 250000.00, 250000.00),
	(3, 1, 3, 1, 150000.00, 150000.00),
	(4, 1, 4, 10, 60000.00, 600000.00),
	(5, 2, 5, 1, 500000.00, 500000.00),
	(6, 3, 6, 17, 25000.00, 425000.00),
	(7, 3, 7, 14, 25000.00, 350000.00),
	(8, 4, 8, 2, 5000000.00, 10000000.00),
	(9, 4, 9, 1, 2000000.00, 2000000.00),
	(10, 4, 10, 1, 300000.00, 300000.00),
	(11, 4, 11, 1, 250000.00, 250000.00),
	(12, 5, 8, 2, 5000000.00, 10000000.00),
	(13, 6, 12, 40, 100000.00, 4000000.00),
	(14, 6, 13, 8, 50000.00, 400000.00),
	(15, 6, 14, 1, 2200000.00, 2200000.00),
	(16, 7, 15, 50, 100000.00, 5000000.00),
	(17, 8, 16, 10, 25000.00, 250000.00),
	(18, 8, 17, 20, 100000.00, 2000000.00),
	(19, 8, 12, 20, 115000.00, 2300000.00),
	(20, 9, 18, 2, 550000.00, 1100000.00),
	(21, 9, 19, 2, 370000.00, 740000.00),
	(22, 10, 20, 4, 150000.00, 600000.00),
	(23, 10, 21, 1, 150000.00, 150000.00),
	(24, 11, 22, 7, 250000.00, 1750000.00),
	(25, 11, 23, 8, 225000.00, 1800000.00),
	(26, 11, 19, 1, 370000.00, 370000.00),
	(27, 11, 24, 2, 375000.00, 750000.00),
	(28, 11, 25, 4, 50000.00, 200000.00),
	(29, 12, 26, 2, 200000.00, 400000.00),
	(30, 12, 18, 2, 550000.00, 1100000.00),
	(31, 12, 27, 1, 1500000.00, 1500000.00),
	(32, 12, 28, 1, 2120000.00, 2120000.00),
	(33, 12, 29, 2, 130000.00, 260000.00),
	(34, 12, 30, 2, 170000.00, 340000.00),
	(35, 12, 15, 40, 100000.00, 4000000.00),
	(36, 12, 25, 8, 50000.00, 400000.00),
	(37, 12, 31, 4, 400000.00, 1600000.00),
	(38, 12, 32, 2, 250000.00, 500000.00),
	(39, 13, 33, 40, 100000.00, 4000000.00),
	(40, 13, 25, 8, 50000.00, 400000.00),
	(41, 14, 34, 1, 600000.00, 600000.00),
	(42, 14, 35, 1, 500000.00, 500000.00),
	(43, 14, 36, 1, 1100000.00, 1100000.00),
	(44, 14, 37, 1, 100000.00, 100000.00),
	(45, 15, 38, 300, 12500.00, 3750000.00),
	(46, 15, 39, 50, 25000.00, 1250000.00),
	(47, 16, 40, 5, 180000.00, 900000.00),
	(48, 16, 41, 5, 280000.00, 1400000.00),
	(49, 17, 42, 3, 1400000.00, 4200000.00),
	(50, 17, 43, 6, 500000.00, 3000000.00),
	(51, 17, 44, 2, 950000.00, 1900000.00),
	(52, 17, 45, 2, 500000.00, 1000000.00),
	(53, 18, 46, 13, 100000.00, 1300000.00),
	(54, 18, 47, 12, 90000.00, 1080000.00),
	(55, 19, 48, 50, 310000.00, 15500000.00),
	(56, 20, 12, 5, 100000.00, 500000.00),
	(57, 20, 49, 1, 150000.00, 150000.00),
	(58, 21, 41, 2, 300000.00, 600000.00),
	(59, 22, 12, 18, 110000.00, 1980000.00),
	(60, 22, 50, 4, 50000.00, 200000.00),
	(61, 22, 3, 7, 215000.00, 1505000.00),
	(62, 22, 51, 1, 370000.00, 370000.00),
	(1000, 1000, 1000, 200, 120000.00, 24000000.00),
	(1001, 1000, 1001, 500, 19000.00, 9500000.00),
	(1002, 1000, 1002, 1000, 14500.00, 14500000.00),
	(1003, 1000, 1003, 6, 800000.00, 4800000.00),
	(1004, 1000, 1004, 70, 70000.00, 4900000.00),
	(1005, 1000, 1005, 1000, 2500.00, 2500000.00),
	(1006, 1000, 1006, 500, 2000.00, 1000000.00),
	(1007, 1000, 1007, 20, 90000.00, 1800000.00),
	(1008, 1001, 1008, 1000, 13500.00, 13500000.00),
	(1009, 1001, 1009, 300, 61000.00, 18300000.00),
	(1010, 1001, 1010, 60, 70000.00, 4200000.00),
	(1011, 1002, 1011, 50, 250000.00, 12500000.00),
	(1012, 1002, 1012, 100, 30000.00, 3000000.00),
	(1013, 1002, 1013, 30, 60000.00, 1800000.00),
	(1014, 1002, 1014, 479, 7500.00, 3592500.00),
	(1015, 1002, 1008, 388, 10000.00, 3880000.00),
	(1016, 1002, 1015, 145, 15000.00, 2175000.00),
	(1017, 1003, 1014, 1000, 10000.00, 10000000.00),
	(1018, 1003, 1016, 20, 135000.00, 2700000.00),
	(1019, 1003, 1017, 1, 7700000.00, 7700000.00),
	(1020, 1003, 1008, 384, 9500.00, 3648000.00),
	(1021, 1003, 1018, 58, 80000.00, 4640000.00),
	(1022, 1003, 1019, 20, 35000.00, 700000.00),
	(1023, 1004, 1020, 300, 170000.00, 51000000.00),
	(1024, 1004, 1021, 48, 300000.00, 14400000.00),
	(1025, 1004, 1022, 12, 400000.00, 4800000.00),
	(1026, 1005, 1023, 300, 68000.00, 20400000.00),
	(1027, 1005, 1024, 100, 30000.00, 3000000.00),
	(1028, 1005, 1025, 25, 95000.00, 2375000.00),
	(1029, 1005, 1026, 18, 160000.00, 2880000.00),
	(1030, 1005, 1027, 15, 135000.00, 2025000.00),
	(1031, 1005, 1028, 40, 250000.00, 10000000.00),
	(1032, 1005, 1029, 10, 270000.00, 2700000.00),
	(1033, 1005, 1030, 20, 150000.00, 3000000.00),
	(1034, 1005, 1031, 20, 55000.00, 1100000.00),
	(1035, 1005, 1032, 20, 90000.00, 1800000.00),
	(1036, 1005, 1014, 1000, 10000.00, 10000000.00),
	(1037, 1006, 1014, 1000, 10000.00, 10000000.00),
	(1038, 1006, 1009, 300, 61000.00, 18300000.00),
	(1039, 1006, 1033, 20, 270000.00, 5400000.00),
	(1040, 1006, 1034, 50, 320000.00, 16000000.00),
	(1041, 1006, 1035, 24, 225000.00, 5400000.00),
	(1042, 1006, 1036, 12, 250000.00, 3000000.00),
	(1043, 1007, 1009, 300, 61000.00, 18300000.00),
	(1044, 1007, 1021, 16, 350000.00, 5600000.00),
	(1045, 1007, 1035, 20, 250000.00, 5000000.00),
	(1046, 1007, 1027, 20, 135000.00, 2700000.00),
	(1047, 1007, 1026, 20, 160000.00, 3200000.00),
	(1048, 1007, 1028, 20, 250000.00, 5000000.00),
	(1049, 1007, 1032, 26, 90000.00, 2340000.00),
	(1050, 1007, 1037, 30, 125000.00, 3750000.00),
	(1051, 1007, 1038, 300, 27000.00, 8100000.00),
	(1052, 1007, 1039, 60, 75000.00, 4500000.00),
	(1053, 1007, 1040, 250, 2500.00, 625000.00),
	(1054, 1007, 1041, 1000, 10000.00, 10000000.00),
	(1055, 1007, 1042, 50, 45000.00, 2250000.00),
	(1056, 1008, 1014, 1000, 10000.00, 10000000.00),
	(1057, 1008, 1009, 300, 61000.00, 18300000.00),
	(1058, 1008, 1034, 50, 320000.00, 16000000.00),
	(1059, 1008, 1033, 20, 270000.00, 5400000.00),
	(1060, 1008, 1035, 24, 225000.00, 5400000.00),
	(1061, 1008, 1036, 12, 250000.00, 3000000.00),
	(1062, 1009, 1015, 1000, 19000.00, 19000000.00),
	(1063, 1009, 1043, 1000, 7500.00, 7500000.00),
	(1064, 1009, 1029, 20, 270000.00, 5400000.00),
	(1065, 1009, 1028, 30, 250000.00, 7500000.00),
	(1066, 1009, 1016, 20, 135000.00, 2700000.00),
	(1067, 1009, 1007, 45, 90000.00, 4050000.00),
	(1068, 1009, 1035, 20, 250000.00, 5000000.00),
	(1069, 1010, 1008, 1000, 14500.00, 14500000.00),
	(1070, 1010, 1009, 300, 61000.00, 18300000.00),
	(1071, 1010, 1044, 30, 75000.00, 2250000.00),
	(1072, 1010, 1045, 4, 2000000.00, 8000000.00),
	(1073, 1011, 1015, 1000, 19000.00, 19000000.00),
	(1074, 1011, 1014, 1052, 7500.00, 7890000.00),
	(1075, 1011, 1046, 20, 170000.00, 3400000.00),
	(1076, 1011, 1030, 10, 150000.00, 1500000.00),
	(1077, 1011, 1047, 142, 18000.00, 2556000.00),
	(1078, 1012, 1048, 1000, 7500.00, 7500000.00),
	(1079, 1012, 1029, 10, 270000.00, 2700000.00),
	(1080, 1012, 1028, 10, 250000.00, 2500000.00),
	(1081, 1012, 1049, 24, 110000.00, 2640000.00),
	(1082, 1012, 1032, 30, 90000.00, 2700000.00),
	(1083, 1012, 1031, 80, 55000.00, 4400000.00),
	(1084, 1012, 1050, 50, 130000.00, 6500000.00),
	(1085, 1012, 1051, 10, 150000.00, 1500000.00),
	(1086, 1012, 1052, 30, 135000.00, 4050000.00),
	(1087, 1013, 1027, 12, 135000.00, 1620000.00),
	(1088, 1013, 1046, 12, 170000.00, 2040000.00),
	(1089, 1013, 1035, 10, 250000.00, 2500000.00),
	(1090, 1013, 1030, 35, 150000.00, 5250000.00),
	(1091, 1013, 1053, 7, 150000.00, 1050000.00),
	(1092, 1013, 1029, 20, 270000.00, 5400000.00),
	(1093, 1013, 1054, 20, 135000.00, 2700000.00),
	(1094, 1014, 1055, 200, 110000.00, 22000000.00),
	(1095, 1014, 1008, 1000, 13000.00, 13000000.00),
	(1096, 1014, 1029, 20, 270000.00, 5400000.00),
	(1097, 1014, 1012, 200, 30000.00, 6000000.00),
	(1098, 1014, 1027, 7, 135000.00, 945000.00),
	(1099, 1014, 1046, 20, 170000.00, 3400000.00),
	(1100, 1015, 1043, 1970, 6800.00, 13396000.00),
	(1101, 1015, 1056, 50, 120000.00, 6000000.00),
	(1102, 1015, 1028, 50, 250000.00, 12500000.00),
	(1103, 1016, 1057, 600, 66000.00, 39600000.00),
	(1104, 1016, 1011, 100, 250000.00, 25000000.00),
	(1105, 1017, 1009, 300, 66000.00, 19800000.00),
	(1106, 1017, 1012, 500, 27000.00, 13500000.00),
	(1107, 1017, 1041, 2000, 10000.00, 20000000.00),
	(1108, 1017, 1032, 30, 90000.00, 2700000.00),
	(1109, 1017, 1016, 23, 130000.00, 2990000.00);

-- Dumping structure for table db_lifting.karyawan
CREATE TABLE IF NOT EXISTS `karyawan` (
  `id` int NOT NULL AUTO_INCREMENT,
  `nama_lengkap` varchar(100) NOT NULL,
  `username` varchar(50) NOT NULL,
  `password` varchar(255) NOT NULL,
  `peran` varchar(50) NOT NULL,
  PRIMARY KEY (`id`),
  UNIQUE KEY `username` (`username`)
) ENGINE=InnoDB AUTO_INCREMENT=1001 DEFAULT CHARSET=utf8mb4 COLLATE=utf8mb4_0900_ai_ci;

-- Dumping data for table db_lifting.karyawan: ~3 rows (approximately)
INSERT INTO `karyawan` (`id`, `nama_lengkap`, `username`, `password`, `peran`) VALUES
	(1, 'Nazwa', 'nazwa15', '12345', 'Admin'),
	(2, 'Marchelino', 'marchelino50', '12345', 'Admin'),
	(1000, 'Marcel', '6935498db3979', '123', 'Admin');

-- Dumping structure for table db_lifting.metode_pembayaran
CREATE TABLE IF NOT EXISTS `metode_pembayaran` (
  `id` int NOT NULL AUTO_INCREMENT,
  `nama_metode` varchar(50) NOT NULL,
  `nomor_rekening` varchar(50) DEFAULT NULL,
  PRIMARY KEY (`id`)
) ENGINE=InnoDB AUTO_INCREMENT=3 DEFAULT CHARSET=utf8mb4 COLLATE=utf8mb4_0900_ai_ci;

-- Dumping data for table db_lifting.metode_pembayaran: ~0 rows (approximately)
INSERT INTO `metode_pembayaran` (`id`, `nama_metode`, `nomor_rekening`) VALUES
	(1, 'Cash', NULL),
	(2, 'Transfer', NULL);

-- Dumping structure for table db_lifting.pelanggan
CREATE TABLE IF NOT EXISTS `pelanggan` (
  `id` int NOT NULL AUTO_INCREMENT,
  `nama` varchar(100) NOT NULL,
  `no_telepon` varchar(20) DEFAULT NULL,
  `dibuat_pada` timestamp NULL DEFAULT CURRENT_TIMESTAMP,
  PRIMARY KEY (`id`)
) ENGINE=InnoDB AUTO_INCREMENT=1017 DEFAULT CHARSET=utf8mb4 COLLATE=utf8mb4_0900_ai_ci;

-- Dumping data for table db_lifting.pelanggan: ~34 rows (approximately)
INSERT INTO `pelanggan` (`id`, `nama`, `no_telepon`, `dibuat_pada`) VALUES
	(1, 'Budi', '081292326676', '2025-12-07 08:36:19'),
	(2, 'Nova', '081283919095', '2025-12-07 08:39:54'),
	(3, 'Oktavia', '081242615454', '2025-12-07 08:47:43'),
	(4, 'Rifa', '081261319984', '2025-12-07 08:53:22'),
	(5, 'Via', '081278753565', '2025-12-07 09:00:09'),
	(6, 'Arif', '081209807879', '2025-12-07 09:02:08'),
	(7, 'Tika', '081212778701', '2025-12-07 09:32:03'),
	(8, 'Clara', '081234469870', '2025-12-07 09:34:29'),
	(9, 'Joko', '081234013254', '2025-12-07 09:39:27'),
	(10, 'Yuspa', '081266656662', '2025-12-07 09:40:45'),
	(11, 'Indriani', '081231243555', '2025-12-07 09:43:38'),
	(12, 'Zalfa', '081256247793', '2025-12-07 09:44:44'),
	(13, 'Farin', '081287508303', '2025-12-07 09:46:49'),
	(14, 'Baihaqi', '081268798141', '2025-12-07 09:49:12'),
	(15, 'Eagan', '081281465802', '2025-12-07 09:51:44'),
	(16, 'Chiko', '081200934589', '2025-12-07 09:53:04'),
	(17, 'Agus', '081260275543', '2025-12-07 09:53:46'),
	(1000, 'Via', '081298573950', '2025-12-07 09:31:57'),
	(1001, 'Rifa', '081212043130', '2025-12-07 09:35:10'),
	(1002, 'Farel', '081264493800', '2025-12-07 09:39:42'),
	(1003, 'Kay', '081286339617', '2025-12-07 09:46:42'),
	(1004, 'Novi', '081238216688', '2025-12-07 09:49:18'),
	(1005, 'Andi', '081232064594', '2025-12-07 09:59:44'),
	(1006, 'Novri', '081245672908', '2025-12-07 10:10:16'),
	(1007, 'Andika', '081232170764', '2025-12-07 10:22:51'),
	(1008, 'Ibnu', '081223835099', '2025-12-07 10:27:13'),
	(1009, 'Toro', '081222663208', '2025-12-07 10:34:51'),
	(1010, 'Ciko', '081241810747', '2025-12-07 10:37:17'),
	(1011, 'Darma', '081241064114', '2025-12-07 10:51:02'),
	(1012, 'Rifat', '081279888334', '2025-12-07 10:55:16'),
	(1013, 'Rendi', '081276249332', '2025-12-07 11:00:09'),
	(1014, 'Andri', '081241581662', '2025-12-07 11:02:22'),
	(1015, 'Tia', '081279160317', '2025-12-07 11:04:17'),
	(1016, 'Ria', '081271056606', '2025-12-07 11:07:10');

-- Dumping structure for table db_lifting.riwayat_pembayaran
CREATE TABLE IF NOT EXISTS `riwayat_pembayaran` (
  `id` int NOT NULL AUTO_INCREMENT,
  `transaksi_id` int DEFAULT NULL,
  `karyawan_id` int DEFAULT NULL,
  `metode_pembayaran_id` int DEFAULT NULL,
  `tanggal_bayar` timestamp NULL DEFAULT CURRENT_TIMESTAMP,
  `jumlah_bayar` decimal(15,2) NOT NULL,
  `keterangan` varchar(255) DEFAULT NULL,
  PRIMARY KEY (`id`),
  KEY `transaksi_id` (`transaksi_id`),
  KEY `karyawan_id` (`karyawan_id`),
  KEY `metode_pembayaran_id` (`metode_pembayaran_id`),
  CONSTRAINT `riwayat_pembayaran_ibfk_1` FOREIGN KEY (`transaksi_id`) REFERENCES `transaksi` (`id`),
  CONSTRAINT `riwayat_pembayaran_ibfk_2` FOREIGN KEY (`karyawan_id`) REFERENCES `karyawan` (`id`),
  CONSTRAINT `riwayat_pembayaran_ibfk_3` FOREIGN KEY (`metode_pembayaran_id`) REFERENCES `metode_pembayaran` (`id`)
) ENGINE=InnoDB AUTO_INCREMENT=1018 DEFAULT CHARSET=utf8mb4 COLLATE=utf8mb4_0900_ai_ci;

-- Dumping data for table db_lifting.riwayat_pembayaran: ~37 rows (approximately)
INSERT INTO `riwayat_pembayaran` (`id`, `transaksi_id`, `karyawan_id`, `metode_pembayaran_id`, `tanggal_bayar`, `jumlah_bayar`, `keterangan`) VALUES
	(1, 4, 2, 2, '2025-08-31 04:00:00', 6000000.00, 'Pembayaran Awal / DP'),
	(2, 5, 1, 1, '2025-04-25 04:00:00', 10000000.00, 'Pembayaran Awal / DP'),
	(3, 6, 1, 2, '2025-08-20 04:00:00', 6600000.00, 'Pembayaran Awal / DP'),
	(4, 7, 2, 1, '2025-08-01 04:00:00', 5000000.00, 'Pembayaran Awal / DP'),
	(5, 8, 2, 1, '2025-07-16 04:00:00', 4550000.00, 'Pembayaran Awal / DP'),
	(6, 9, 1, 2, '2025-02-10 04:00:00', 1840000.00, 'Pembayaran Awal / DP'),
	(7, 10, 2, 2, '2025-02-06 04:00:00', 750000.00, 'Pembayaran Awal / DP'),
	(8, 11, 2, 1, '2025-01-10 04:00:00', 4870000.00, 'Pembayaran Awal / DP'),
	(9, 12, 1, 1, '2025-06-11 04:00:00', 12220000.00, 'Pembayaran Awal / DP'),
	(10, 13, 1, 1, '2025-06-26 04:00:00', 4400000.00, 'Pembayaran Awal / DP'),
	(11, 14, 1, 1, '2025-06-23 04:00:00', 2300000.00, 'Pembayaran Awal / DP'),
	(12, 15, 2, 1, '2025-06-18 04:00:00', 5000000.00, 'Pembayaran Awal / DP'),
	(13, 16, 1, 1, '2025-06-18 04:00:00', 2300000.00, 'Pembayaran Awal / DP'),
	(14, 17, 2, 2, '2025-06-04 04:00:00', 10100000.00, 'Pembayaran Awal / DP'),
	(15, 18, 1, 2, '2025-07-19 04:00:00', 2380000.00, 'Pembayaran Awal / DP'),
	(16, 19, 2, 2, '2025-05-02 04:00:00', 15500000.00, 'Pembayaran Awal / DP'),
	(17, 20, 1, 1, '2025-05-02 04:00:00', 650000.00, 'Pembayaran Awal / DP'),
	(18, 21, 1, 1, '2025-06-03 04:00:00', 600000.00, 'Pembayaran Awal / DP'),
	(19, 22, 1, 2, '2025-04-25 04:00:00', 4055000.00, 'Pembayaran Awal / DP'),
	(1000, 1000, 1000, 2, '2025-09-17 04:00:00', 63000000.00, 'Pembayaran Awal / DP'),
	(1001, 1001, 1000, 1, '2025-06-10 04:00:00', 36000000.00, 'Pembayaran Awal / DP'),
	(1002, 1002, 1000, 2, '2025-12-07 04:00:00', 26947500.00, 'Pembayaran Awal / DP'),
	(1003, 1003, 1000, 1, '2025-12-07 04:00:00', 29338000.00, 'Pembayaran Awal / DP'),
	(1004, 1004, 1000, 1, '2025-09-11 04:00:00', 70200000.00, 'Pembayaran Awal / DP'),
	(1005, 1005, 1000, 1, '2025-10-18 04:00:00', 59280000.00, 'Pembayaran Awal / DP'),
	(1006, 1006, 1000, 1, '2025-10-09 04:00:00', 58100000.00, 'Pembayaran Awal / DP'),
	(1007, 1007, 1000, 2, '2025-09-03 04:00:00', 71365000.00, 'Pembayaran Awal / DP'),
	(1008, 1008, 1000, 2, '2025-09-13 04:00:00', 58100000.00, 'Pembayaran Awal / DP'),
	(1009, 1009, 1000, 1, '2025-11-30 04:00:00', 51150000.00, 'Pembayaran Awal / DP'),
	(1010, 1010, 1000, 2, '2025-04-04 04:00:00', 43050000.00, 'Pembayaran Awal / DP'),
	(1011, 1011, 1000, 1, '2025-10-24 04:00:00', 34346000.00, 'Pembayaran Awal / DP'),
	(1012, 1012, 1000, 1, '2025-07-02 04:00:00', 34490000.00, 'Pembayaran Awal / DP'),
	(1013, 1013, 1000, 2, '2025-08-02 04:00:00', 20560000.00, 'Pembayaran Awal / DP'),
	(1014, 1014, 1000, 2, '2025-07-17 04:00:00', 50745000.00, 'Pembayaran Awal / DP'),
	(1015, 1015, 1000, 1, '2025-12-05 04:00:00', 31896000.00, 'Pembayaran Awal / DP'),
	(1016, 1016, 1000, 2, '2025-07-26 04:00:00', 64600000.00, 'Pembayaran Awal / DP'),
	(1017, 1017, 1000, 2, '2025-09-20 04:00:00', 58990000.00, 'Pembayaran Awal / DP');

-- Dumping structure for table db_lifting.transaksi
CREATE TABLE IF NOT EXISTS `transaksi` (
  `id` int NOT NULL AUTO_INCREMENT,
  `pelanggan_id` int DEFAULT NULL,
  `karyawan_id` int DEFAULT NULL,
  `tanggal` date NOT NULL,
  `total_tagihan` decimal(15,2) DEFAULT '0.00',
  `total_dibayar` decimal(15,2) DEFAULT '0.00',
  `sisa_tagihan` decimal(15,2) DEFAULT '0.00',
  `status_pembayaran` varchar(20) DEFAULT NULL,
  PRIMARY KEY (`id`),
  KEY `pelanggan_id` (`pelanggan_id`),
  KEY `karyawan_id` (`karyawan_id`),
  CONSTRAINT `transaksi_ibfk_1` FOREIGN KEY (`pelanggan_id`) REFERENCES `pelanggan` (`id`),
  CONSTRAINT `transaksi_ibfk_2` FOREIGN KEY (`karyawan_id`) REFERENCES `karyawan` (`id`)
) ENGINE=InnoDB AUTO_INCREMENT=1018 DEFAULT CHARSET=utf8mb4 COLLATE=utf8mb4_0900_ai_ci;

-- Dumping data for table db_lifting.transaksi: ~40 rows (approximately)
INSERT INTO `transaksi` (`id`, `pelanggan_id`, `karyawan_id`, `tanggal`, `total_tagihan`, `total_dibayar`, `sisa_tagihan`, `status_pembayaran`) VALUES
	(1, 1, 1, '2024-12-03', 1300000.00, 0.00, 0.00, 'Lunas'),
	(2, 2, 1, '2025-09-22', 500000.00, 0.00, 0.00, 'Lunas'),
	(3, 3, 2, '2025-09-25', 775000.00, 0.00, 0.00, 'Lunas'),
	(4, 4, 2, '2025-08-31', 12550000.00, 6000000.00, 6550000.00, 'Belum Lunas'),
	(5, 3, 1, '2025-04-25', 10000000.00, 10000000.00, 0.00, 'Lunas'),
	(6, 1, 1, '2025-08-20', 6600000.00, 6600000.00, 0.00, 'Lunas'),
	(7, 5, 2, '2025-08-01', 5000000.00, 5000000.00, 0.00, 'Lunas'),
	(8, 6, 2, '2025-07-16', 4550000.00, 4550000.00, 0.00, 'Lunas'),
	(9, 6, 1, '2025-02-10', 1840000.00, 1840000.00, 0.00, 'Lunas'),
	(10, 7, 2, '2025-02-06', 750000.00, 750000.00, 0.00, 'Lunas'),
	(11, 8, 2, '2025-01-10', 4870000.00, 4870000.00, 0.00, 'Lunas'),
	(12, 9, 1, '2025-06-11', 12220000.00, 12220000.00, 0.00, 'Lunas'),
	(13, 10, 1, '2025-06-26', 4400000.00, 4400000.00, 0.00, 'Lunas'),
	(14, 11, 1, '2025-06-23', 2300000.00, 2300000.00, 0.00, 'Lunas'),
	(15, 12, 2, '2025-06-18', 5000000.00, 5000000.00, 0.00, 'Lunas'),
	(16, 13, 1, '2025-06-18', 2300000.00, 2300000.00, 0.00, 'Lunas'),
	(17, 14, 2, '2025-06-04', 10100000.00, 10100000.00, 0.00, 'Lunas'),
	(18, 4, 1, '2025-07-19', 2380000.00, 2380000.00, 0.00, 'Lunas'),
	(19, 15, 2, '2025-05-02', 15500000.00, 15500000.00, 0.00, 'Lunas'),
	(20, 16, 1, '2025-05-02', 650000.00, 650000.00, 0.00, 'Lunas'),
	(21, 17, 1, '2025-06-03', 600000.00, 600000.00, 0.00, 'Lunas'),
	(22, 7, 1, '2025-04-25', 4055000.00, 4055000.00, 0.00, 'Lunas'),
	(1000, 1000, 1000, '2025-09-17', 63000000.00, 63000000.00, 0.00, 'Lunas'),
	(1001, 1001, 1000, '2025-06-10', 36000000.00, 36000000.00, 0.00, 'Lunas'),
	(1002, 1002, 1000, '2025-12-07', 26947500.00, 26947500.00, 0.00, 'Lunas'),
	(1003, 1003, 1000, '2025-12-07', 29388000.00, 29338000.00, 50000.00, 'Belum Lunas'),
	(1004, 1004, 1000, '2025-09-11', 70200000.00, 70200000.00, 0.00, 'Lunas'),
	(1005, 1005, 1000, '2025-10-18', 59280000.00, 59280000.00, 0.00, 'Lunas'),
	(1006, 1006, 1000, '2025-10-09', 58100000.00, 58100000.00, 0.00, 'Lunas'),
	(1007, 1007, 1000, '2025-09-03', 71365000.00, 71365000.00, 0.00, 'Lunas'),
	(1008, 1008, 1000, '2025-09-13', 58100000.00, 58100000.00, 0.00, 'Lunas'),
	(1009, 1009, 1000, '2025-11-30', 51150000.00, 51150000.00, 0.00, 'Lunas'),
	(1010, 1010, 1000, '2025-04-04', 43050000.00, 43050000.00, 0.00, 'Lunas'),
	(1011, 1006, 1000, '2025-10-24', 34346000.00, 34346000.00, 0.00, 'Lunas'),
	(1012, 1011, 1000, '2025-07-02', 34490000.00, 34490000.00, 0.00, 'Lunas'),
	(1013, 1012, 1000, '2025-08-02', 20560000.00, 20560000.00, 0.00, 'Lunas'),
	(1014, 1013, 1000, '2025-07-17', 50745000.00, 50745000.00, 0.00, 'Lunas'),
	(1015, 1014, 1000, '2025-12-05', 31896000.00, 31896000.00, 0.00, 'Lunas'),
	(1016, 1015, 1000, '2025-07-26', 64600000.00, 64600000.00, 0.00, 'Lunas'),
	(1017, 1016, 1000, '2025-09-20', 58990000.00, 58990000.00, 0.00, 'Lunas');

/*!40103 SET TIME_ZONE=IFNULL(@OLD_TIME_ZONE, 'system') */;
/*!40101 SET SQL_MODE=IFNULL(@OLD_SQL_MODE, '') */;
/*!40014 SET FOREIGN_KEY_CHECKS=IFNULL(@OLD_FOREIGN_KEY_CHECKS, 1) */;
/*!40101 SET CHARACTER_SET_CLIENT=@OLD_CHARACTER_SET_CLIENT */;
/*!40111 SET SQL_NOTES=IFNULL(@OLD_SQL_NOTES, 1) */;
